<?xml version="1.0" encoding="UTF-8"?>
<configuration scan="true" scanPeriod="10 seconds">
  <statusListener class="ch.qos.logback.core.status.NopStatusListener" />

  <property name="LOG_FILE_NAME" value="application" />

  <appender name="STDOUT" class="ch.qos.logback.core.ConsoleAppender">
    <encoder>
      <pattern>
        <!-- [%d{yyyy-MM-dd HH:mm:ss}][%-5p][%thread][%logger]%marker %m%n -->
        [%d{yyyy-MM-dd HH:mm:ss}][%-5p][%logger]%marker %m%n
      </pattern>
    </encoder>
  </appender>

  <appender name="FILE" class="ch.qos.logback.core.rolling.RollingFileAppender">
    <file>../logs/${file.separator}${LOG_FILE_NAME}.log</file>
    <append>true</append>
    <rollingPolicy class="ch.qos.logback.core.rolling.SizeAndTimeBasedRollingPolicy">
      <fileNamePattern>../logs/${file.separator}${LOG_FILE_NAME}_%d{yyyyMMdd}_%i.log.zip
      </fileNamePattern>
      <maxHistory>10</maxHistory>
      <maxFileSize>10MB</maxFileSize>
    </rollingPolicy>
    <encoder>
      <pattern>[%d{yyyy-MM-dd HH:mm:ss}][%-5p][%logger] %m%n</pattern>
    </encoder>
  </appender>

  <appender name="MONITORING" class="ch.qos.logback.core.rolling.RollingFileAppender">
    <file>../logs/${file.separator}monitoring.log</file>
    <append>true</append>
    <rollingPolicy class="ch.qos.logback.core.rolling.SizeAndTimeBasedRollingPolicy">
      <fileNamePattern>../logs/${file.separator}monitoring_%d{yyyyMMdd}_%i.log.zip
      </fileNamePattern>
      <maxHistory>10</maxHistory>
      <maxFileSize>10MB</maxFileSize>
    </rollingPolicy>
    <encoder>
      <pattern>[%d{yyyy-MM-dd HH:mm:ss}][%-5p][%logger] %m%n</pattern>
    </encoder>
  </appender>

  <logger name="io.netty" level="error"/>
  <logger name="org.apache" level="error"/>
  <logger name="ch.qos.logback" level="error">
    <appender-ref ref="STDOUT" />
  </logger>

  <logger name="com.kakaobank.server.metic.ApplicationMetric" level="info" additivity="false">
    <appender-ref ref="MONITORING" />
  </logger>


  <root level="info">
    <appender-ref ref="STDOUT" />
    <appender-ref ref="FILE" />
  </root>
</configuration>
